[{"authors":["admin"],"categories":null,"content":"I am a mixed methods ethnographer in political science and sociology, with a focus on educated youth, representation and the politics of becoming in contemporary India. I recently curated an archival exhibition on student politics, and venture into text analysis and the study of populist speeches. Research repository: 📚 jtmartelli.com.\n","date":-62135596800,"expirydate":-62135596800,"kind":"term","lang":"en","lastmod":-62135596800,"objectID":"2525497d367e79493fd32b198b28f040","permalink":"https://wwww.cv.jtmartelli.com/author/jean-thomas-martelli/","publishdate":"0001-01-01T00:00:00Z","relpermalink":"/author/jean-thomas-martelli/","section":"authors","summary":"I am a mixed methods ethnographer in political science and sociology, with a focus on educated youth, representation and the politics of becoming in contemporary India. I recently curated an archival exhibition on student politics, and venture into text analysis and the study of populist speeches.","tags":null,"title":"Jean-Thomas Martelli","type":"authors"}]